Firm,Average salary,Rating
Bank of America,81792.08000000002,4.0
Barclays,60285.1679577465,3.9
Citi,73256.45678365647,3.8
Credit Suisse,99323.75745033108,3.6
Deutsche Bank,95395.3846534654,3.8
Goldman Sachs,86151.48462929467,4.0
JP Morgan,69437.37367244273,4.1
Morgan Stanley,76521.81871657747,4.1
UBS,87228.7185097575,4.0
